type,settings,regular
REGULAR,"{'instrumentType': 'EQUITY', 'region': 'IND', 'universe': 'TOP2000', 'delay': 1, 'decay': 8, 'neutralization': 'exchange', 'truncation': 0.01, 'pasteurization': 'ON', 'unitHandling': 'VERIFY', 'nanHandling': 'ON', 'language': 'FASTEXPR', 'visualization': False}","ts_rank(ts_delta(model22, 5), 40)"
REGULAR,"{'instrumentType': 'EQUITY', 'region': 'IND', 'universe': 'TOP2000', 'delay': 1, 'decay': 8, 'neutralization': 'exchange', 'truncation': 0.01, 'pasteurization': 'ON', 'unitHandling': 'VERIFY', 'nanHandling': 'ON', 'language': 'FASTEXPR', 'visualization': False}","ts_rank(ppi, 30)"
REGULAR,"{'instrumentType': 'EQUITY', 'region': 'IND', 'universe': 'TOP2000', 'delay': 1, 'decay': 8, 'neutralization': 'country', 'truncation': 0.01, 'pasteurization': 'ON', 'unitHandling': 'VERIFY', 'nanHandling': 'ON', 'language': 'FASTEXPR', 'visualization': False}","rank(exchange_rate - ts_mean(exchange_rate, 60)) / ts_std_dev(exchange_rate, 60)"
REGULAR,"{'instrumentType': 'EQUITY', 'region': 'IND', 'universe': 'TOP2000', 'delay': 1, 'decay': 4, 'neutralization': 'subindustry', 'truncation': 0.01, 'pasteurization': 'ON', 'unitHandling': 'VERIFY', 'nanHandling': 'ON', 'language': 'FASTEXPR', 'visualization': False}","ts_scale(current_account, 30) * ts_rank(current_account, 30)"
REGULAR,"{'instrumentType': 'EQUITY', 'region': 'IND', 'universe': 'TOP2000', 'delay': 1, 'decay': 7, 'neutralization': 'exchange', 'truncation': 0.01, 'pasteurization': 'ON', 'unitHandling': 'VERIFY', 'nanHandling': 'ON', 'language': 'FASTEXPR', 'visualization': False}","rank(ppi - ts_mean(ppi, 30)) / ts_std_dev(ppi, 30)"
REGULAR,"{'instrumentType': 'EQUITY', 'region': 'IND', 'universe': 'TOP2000', 'delay': 1, 'decay': 6, 'neutralization': 'country', 'truncation': 0.01, 'pasteurization': 'ON', 'unitHandling': 'VERIFY', 'nanHandling': 'ON', 'language': 'FASTEXPR', 'visualization': False}","ts_decay_linear(rank(consumer_confidence), 60)"
REGULAR,"{'instrumentType': 'EQUITY', 'region': 'IND', 'universe': 'TOP2000', 'delay': 1, 'decay': 8, 'neutralization': 'exchange', 'truncation': 0.01, 'pasteurization': 'ON', 'unitHandling': 'VERIFY', 'nanHandling': 'ON', 'language': 'FASTEXPR', 'visualization': False}","ts_decay_linear(rank(ppi), 40)"
REGULAR,"{'instrumentType': 'EQUITY', 'region': 'IND', 'universe': 'TOP2000', 'delay': 1, 'decay': 8, 'neutralization': 'exchange', 'truncation': 0.01, 'pasteurization': 'ON', 'unitHandling': 'VERIFY', 'nanHandling': 'ON', 'language': 'FASTEXPR', 'visualization': False}","ts_scale(retail_sales, 60) * ts_rank(retail_sales, 60)"
REGULAR,"{'instrumentType': 'EQUITY', 'region': 'IND', 'universe': 'TOP2000', 'delay': 1, 'decay': 5, 'neutralization': 'exchange', 'truncation': 0.01, 'pasteurization': 'ON', 'unitHandling': 'VERIFY', 'nanHandling': 'ON', 'language': 'FASTEXPR', 'visualization': False}","ts_mean(model7, 60)"
REGULAR,"{'instrumentType': 'EQUITY', 'region': 'IND', 'universe': 'TOP2000', 'delay': 1, 'decay': 5, 'neutralization': 'country', 'truncation': 0.01, 'pasteurization': 'ON', 'unitHandling': 'VERIFY', 'nanHandling': 'ON', 'language': 'FASTEXPR', 'visualization': False}",zscore(model46)
REGULAR,"{'instrumentType': 'EQUITY', 'region': 'IND', 'universe': 'TOP2000', 'delay': 1, 'decay': 7, 'neutralization': 'market', 'truncation': 0.01, 'pasteurization': 'ON', 'unitHandling': 'VERIFY', 'nanHandling': 'ON', 'language': 'FASTEXPR', 'visualization': False}","group_neutralize(ts_rank(model47, 30) + ts_rank(unemployment_rate, 30), exchange)"
REGULAR,"{'instrumentType': 'EQUITY', 'region': 'IND', 'universe': 'TOP2000', 'delay': 1, 'decay': 4, 'neutralization': 'market', 'truncation': 0.01, 'pasteurization': 'ON', 'unitHandling': 'VERIFY', 'nanHandling': 'ON', 'language': 'FASTEXPR', 'visualization': False}","group_neutralize(ts_delta(government_debt, 3) - ts_mean(ts_delta(government_debt, 1), 40), industry)"
REGULAR,"{'instrumentType': 'EQUITY', 'region': 'IND', 'universe': 'TOP2000', 'delay': 1, 'decay': 7, 'neutralization': 'market', 'truncation': 0.01, 'pasteurization': 'ON', 'unitHandling': 'VERIFY', 'nanHandling': 'ON', 'language': 'FASTEXPR', 'visualization': False}","ts_zscore(model45, 30)"
REGULAR,"{'instrumentType': 'EQUITY', 'region': 'IND', 'universe': 'TOP2000', 'delay': 1, 'decay': 8, 'neutralization': 'subindustry', 'truncation': 0.01, 'pasteurization': 'ON', 'unitHandling': 'VERIFY', 'nanHandling': 'ON', 'language': 'FASTEXPR', 'visualization': False}","ts_rank(housing_starts / ts_mean(housing_starts, 40) - 1, 40) * -1"
REGULAR,"{'instrumentType': 'EQUITY', 'region': 'IND', 'universe': 'TOP2000', 'delay': 1, 'decay': 8, 'neutralization': 'industry', 'truncation': 0.01, 'pasteurization': 'ON', 'unitHandling': 'VERIFY', 'nanHandling': 'ON', 'language': 'FASTEXPR', 'visualization': False}","ts_std_dev(industrial_production, 40)"
REGULAR,"{'instrumentType': 'EQUITY', 'region': 'IND', 'universe': 'TOP2000', 'delay': 1, 'decay': 4, 'neutralization': 'market', 'truncation': 0.01, 'pasteurization': 'ON', 'unitHandling': 'VERIFY', 'nanHandling': 'ON', 'language': 'FASTEXPR', 'visualization': False}","ts_mean(rank(model44) * ts_rank(exchange_rate, 30), 30)"
REGULAR,"{'instrumentType': 'EQUITY', 'region': 'IND', 'universe': 'TOP2000', 'delay': 1, 'decay': 7, 'neutralization': 'exchange', 'truncation': 0.01, 'pasteurization': 'ON', 'unitHandling': 'VERIFY', 'nanHandling': 'ON', 'language': 'FASTEXPR', 'visualization': False}","ts_zscore(model63, 60)"
REGULAR,"{'instrumentType': 'EQUITY', 'region': 'IND', 'universe': 'TOP2000', 'delay': 1, 'decay': 6, 'neutralization': 'subindustry', 'truncation': 0.01, 'pasteurization': 'ON', 'unitHandling': 'VERIFY', 'nanHandling': 'ON', 'language': 'FASTEXPR', 'visualization': False}","ts_rank(ts_delta(model4, 1), 60)"
REGULAR,"{'instrumentType': 'EQUITY', 'region': 'IND', 'universe': 'TOP2000', 'delay': 1, 'decay': 5, 'neutralization': 'industry', 'truncation': 0.01, 'pasteurization': 'ON', 'unitHandling': 'VERIFY', 'nanHandling': 'ON', 'language': 'FASTEXPR', 'visualization': False}","group_neutralize(ts_delta(core_inflation, 1) - ts_mean(ts_delta(core_inflation, 1), 60), subindustry)"
REGULAR,"{'instrumentType': 'EQUITY', 'region': 'IND', 'universe': 'TOP2000', 'delay': 1, 'decay': 8, 'neutralization': 'exchange', 'truncation': 0.01, 'pasteurization': 'ON', 'unitHandling': 'VERIFY', 'nanHandling': 'ON', 'language': 'FASTEXPR', 'visualization': False}","ts_mean(model27, 30)"
